comment,review,Tag
  more accurate to call it the m 1000 because the price is closer than calling it the x 10,1,1
to be there with a samsung phone,0,1
thank gosh a place i can watch it without having to be at hd my speed doesn‚ support hd,2,1
what happened to the home button on the iphone x cough copying samsung cough,0,1
keep calm and buy iphone 8 keep calm and buy iphone 8 plus keep calm and buy iphone x what is your favourite,1,1
i am a big fan of youtube and u ,2,1
you will never find losers who line up and pay good money for this crap line up to do charity or community work,0,1
apple just commented on my last video   crying right now,2,1
  only here to see emma i love her so much   so proud of her,2,1
mom said just one more video before bed,1,1
what is the song ,1,1
i started crying at  when   ep showed up   so proud of her,2,1
3 years late on wireless charging 3 years late on oled technology  old facial recognition tech enhanced by old ir tech so your late on just about every frontwhat to do i know lets lose what makes our product instantly recognizable this is apples windows 8 samsung are bound to be loving this,2,1
more one before to bed,1,1
subscribe me if you love your mummy,1,1
they really just took the samsung s8 and named it iphone x or whatever,1,1
so if someone has a twin sibling both can unlock iphone x haha,0,1
for god sake its better than my ps4pro,1,1
7mp cam what kind of standard is this in 2017,1,1
sarahah has a leak in its system   revealhaters,0,1
if apple sucks and samsungs better like this comment,0,1
this video was too long halfway through it i got hungry so i left it playing and went to the kitchen to fix my self a sandwich but then i found out that   out of mayonnaise so i went to a store there i saw the most beautiful woman i have ever seen in my whole life but   really a shy person so i took up a three year personality development course so i can introduce my self she was very friendly and all but unfortunately she has a boyfriend so i said all good   a mature person i want the best for her and i harbor no illusion that i am the best person for her and she seems happy with her boyfriend so i did not bother her anymore but we kept in touch and we became friends and i got over my crush on her then she broke up with her boyfriend we drank some alcohol because of it i told her   be fine and i wished her well i still think   the most beautiful woman in the world but like i said i am over my crush on her it was like five years already when i first saw her besides i am quiet happy with the friendship i developed with her it was more important than a crush so we kept hanging out drinking having coffee and all i had a girlfriend she started dating other guys my girlfriend wants to live some other life without me in it so i said okay i want the best for you and i want you to pursue your happiness my lady friend and i drank alcohol about it and she gave me the same advice i gave her when she was in that position and i became okay with the breakup immediately but we were really drunk so she spent the night in my apartment i only have one bed so you know what that means she took the bed and i slept on the couch but on the couch i really   sleep something was bothering me so i tossed and turned for about three hours then i finally   take it anymore i stood up and went straight to my room where   sleeping i approached the bed gently sat on it and i reached for her shoulder to pull her closer to me she stirred and woke up she asked   up i told her you know the first time i saw you i was watching a video and left it playing to get my self a sandwich then went to the store to get some mayo then i got distracted by life that i forgot to finish the video she said you know what   been wondering about a weird noise in your night drawer so we opened that drawer and lo and behold   my phone and this video still has two minutes of play time on it,1,1
you kicks steve jobs out the company and do videos with the name from it,0,1
love is all you need yeah love and a shiny new iphone,2,1
the best thing to ever happen to iphone,2,1
sub to my channel,1,1
34 which song is that,1,1
30 omgggg,1,1
aye aye,0,1
iphone 8 is at 47,1,1
amazing,2,1
good job,2,1
good job steve jobs rip,2,1
omg 25 hours,1,1
same as samsang s8,1,1
fulckoing shoit mo8 stolp copyinh samsoung,0,0
25 hours wtf,1,1
the iphone died with steve jobs,1,1
nice job,2,1
yes now i can afford iphone 6,1,1
fuck you beech,0,0
piece of shit,0,0
xddd,2,1
steve  ,1,1
apple is terrible and they only care about the money,0,1
you apple  you make shitty products and hope you   exist in 10 years time,0,0
does anyone have 1000,1,1
where is steve wozniak fuck apple authority,0,0
dat price doh,1,1
nice video check my videos also please subscribe,2,1
ill have to sell me for this,1,1
do all to save the people muslims of burma,1,0
where is iphone 9,1,1
wow apples starting ideas from the galaxy now,0,1
birby,1,1
fuck i want this  but i have no money,0,1
emma is 3rd on the trending page at the time of this comment whoop,2,1
i love genetics and by extension this but my parents   let me do this because they think the people behind it will try and frame me for a crime yeah,2,1
emma i will find you and i will marry you cook for you  give you a massage when    tired  listen to how your day was  hug you and love you i know it sounds creepy af,2,1
well just seems like a total waste of money why would anyone want to have their dna on some companies database anyway maybe she   think about that though  how does anyone know how that information will be used in the future   hope she   decide to have a microchip implanted next,1,1
a lot of people will be from north european countries because of vikings danes saxons angles and normans etc invading in the past a reproducing with each other,1,1
and then i just   exist made me choke on my water,1,1
  actually been using charcoal powder for a couple of months now and noticed a huge improvement with the whitening and general hygiene of my teeth   a post from facebook from the company that i buy from  do you want beautiful sparkling teeth naturally limited time only offer,1,1
the first youtuber that time passed and actually got better,2,1
broadly northwest european does not mean scandinavian it could mean british irish french dutch german etc or scandinavian,1,1
my prediction before watching video you are 100 canadian,1,1
awww no fart noise at the end,1,1
do you know that your number 3 on trending,1,1
i just clicked on this video to say fuck you for the clickbait title in my feed,0,0
anyone know where i can get the shirt emma is wearing i absolutely love it,1,1
when she said yeah i have a lot of freckles i was like you have 10 ish thats not a lot of freckles,1,1
oh no she is going to live forever imagine all the salt she can spread,0,0
emma is a slightly younger jen barber from the it crowd aaaaaaaahhh,1,1
i already know my dna makeup i looked at my clothes draw        what thats were i keep my jeans      imsorryillgonow,1,1
i   done this test i am not a youtuber with a lot of videos or viewers i have no interest in being any of the previously mentioned but what i do now is that i am nordic and damn proud of itd,2,1
emma blackery more like ellie blackery you know because in the last of us,1,1
i found ur book in tescos today and i also found ryan   book insert joke here,1,1
  album was just shown on apple  presentation live,1,1
emma   never gonna die me  hahaha wish i could say the same sweats nervously,2,1
no genetic markers for any hereditary disease and genetically predisposed for superior muscle mass    time to get some of that hot eugenics breeding action,1,1
hi hi the reason you have so many swedish viewers is because   so antisocial and spend our lives on the internet,0,1
  not intolerant to dairy   just not a baby cow,0,1
considering the history of these isles   be unusual not to have any scandinavian germanic or french markers in your dna,1,1
i love how she says    lol,1,1
you can keep looking at it  time to time they will keep updating it,1,1
so since emma is never gonna die does that mean   just keep making videos forever cuz   be something to see,1,1
give me a thumbs up down below ok   going,1,1
these tests are antirely useless and give you wrong or misleading answers there are no swedish britisch german or french genes people have moved thousands of years around the world and there was always a mixture of genes so how could you say that a specific gene is british  this is what the companies say we compared your dna results to the reference populations we currently have in our database and estimated which of these were most similar to you in terms of the genetic markers you carry this doesn‚äôt necessarily mean that you belong to these groups or are directly from these regions but that these groups were a similar genetic match  so be careful what you think this test tells you,1,1
well the vikings did pillage and shag their way through england for a few hundred years so you   be that surprised that a british person has at least some scandinavian in them,1,1
emma please get dan to send his dna to the same lab      definitely not so they can make a demmano no no no,1,1
i was actually interested in thisand then you said how much it was lol,1,1
yaay   probably related then welcome to the scandinavian family,1,1
lol the asparagus one means you can likely smell that weird pee smell when someone eats asparagus not everyone notices a change in smell,1,1
  not that you can smell asparagus   asparagus pee,1,1
ashkenazi jewish are jews originated from europe like med,1,1
i love the editing in this,2,1
just to know ashkenazi jewish is a jewish that came from europe or spain   welcome,1,1
its pretty flattering that everyone gets so excited when they find out theyre scandinavian,1,1
   would i wanna taste   ,1,1
i love that t shirt   wearing,2,1
when   diet changes drastically it substantially alters the makeup of bacterial flora and fauna in your digestive system genetics be damned in this case you can think of it as waging bacterial genocide this is how people become intolerant of foods they tolerated before,1,1
yes us swedes love you,2,1
  23me in a huge scandal not to long ago because they   giving out accurate‚ info on   genetic health,0,1
it is a conspiracy it is the nwo collecting   generic data so they know who to clone and who to m,0,1
  why i adore you you r practically mine and pewd relative,2,1
totally worth it    welcome to immortality where all the cool kids hangout,1,1
hey emma   pretty sure   related i mean   09 finnish and   finnish also   my mom so i have proof,1,1
we swedes can sniff out our own,1,1
  from denmark watching,1,1
tbh   probs gonna get   my grandads got it,1,1
it made me so happy to see dave in this video i love his content and in my opinion he deserves more recognition thank you for giving him credit emma x,2,1
give me a thumbs up down below heu heu heu   what she said   yes i know i hate myself too,2,1
mine said   most likely to get   nan dis have   and it skipped my dad so   genuinely worried ,1,1
  mystic meg all over again,1,1
das a lot of edditing you have done there  i like itd,2,1
but what about your cola addiction back in the day that was a lot of caffeine,1,1
now   curious about my dna,2,1
anyone else see the lip stick mark on her neck   the same shade as her lipstick,1,1
wtf i have my notifications on yet i only got a notification 1 hour ago,1,1
northwestern european is pretty vague cause that would include uk as well,1,1
now here is the question who in europe have narrow eyes     tell me please ,1,1
haha sorry to disappoint you emma  but   not scandinavian   if you were your dna profile would give you a percentage of scandinavian broadly northwestern european  dna is dna usually from the british isles or france but is unknown and can not be pinpointed to either places just take a look of some of the buzzfeed dna videos,2,1
it   mean you can smell asparagus it means your pee smells after you eat asparagus,1,1
  a myth that neanderthals were stupid they actually had the same brainpower as humans of the time they just got assimilated,1,1
that thing with smelling asparagus means that if you eat asparagus and then you pee the pee has very strange smell and not everybody can smell it,1,1
emma is super white  in other news,1,0
your pretty,2,1
hi,1,1
love your accent,2,1
number 3 on trending,1,1
welcome to the scandiworld,2,1
who else is scorpio ,2,1
3rd on trending well done emma,2,1
i like yout ikea furnitureit sure does exite me,2,1
emma stop quoting mrburnsp,1,1
be thankfull emma what if   deer,2,1
love ur top em,2,1
  swedish,1,1
hah immortal,1,1
wait what your not 100 blackberry,1,1
what and amazing clickbait title,0,1
sweden,2,1
  norwegian,1,1
jewish peaple r from israel,1,1
nice clickbait you got thered,0,1
im the first immortal  lmao,1,1
you look hot af,2,0
man her eyeliner is getting on my ocd hahaha anyone agreeing,0,1
please get off trending,0,1
3rdontrending,2,1
3 on trending,2,1
im never going to die,1,1
test results are in  100 ideal woman   called it,2,1
her genetics are pure we must breed her,2,1
me with arabic i can never have a conversation with the relatives on my   side and it always turns into an awkward exchange of i love yous because thats one of the few english phrases they know,1,1
i am going to send you some chapstick use it,1,1
this guy makes great videos   a shame   fat,1,1
lol this guys vids are so short but prob funnier than most on the internet,2,1
visit the channel if you want to access the straight path  visit this channel to listen to holy quran the last book from the godto humanity  visit the channel if you want to reach happiness and comfort  in this life and the hereafter,1,1
why do i keep freaking laughing each time i watch it again  even though i know how it will end omg the best,2,1
4th on uk trending you are making it big man,2,1
this guy makes me wish vine   dead,2,1
when tourists try to ask you for something,1,1
sub to my channel,1,1
well that   worth watching,0,1
when you live in mexico but   super white,1,1
you say your korean is bd but somehow you acted out   you can speak   perfectly i think this video gets so much reaction because of your excellent acting,2,1
he sounds like tyrion lannister from game of thrones,1,1
same i tried talking to my cousin in her language which   never even heard of lol,1,1
my girlfriend cheated on me like 4 years ago now ive only recently found out she   even my girlfriend she   even exist i suffer from a complex mental disorder in which distorts my reality turns out i¬†used to just¬† hump my mums leg every thursday evening for last 7 years,1,1
when my grandma tries to talk to me in spanish,1,1
that was actually funny,2,1
on the wall    well bryan it was a very strong offensive on   part but unfortunately her opponent is very dumb,1,1
that just happened to me i was with 3 polish people and they all spoke in polish,1,1
this is why i avoid all my relatives,1,1
i struggle with englishand   my only language,1,1
me at family parties,1,1
sub to me and i will sub back with 4 accounts just comment i subbed,1,1
king of a pig face,1,1
not even the iphone x can detect that   not blinking hahaha,2,1
did anyone realise the sonic music,1,1
this is funny but how the fuck did it get 1 trending,2,1
me when i go to dominican republic,1,1
wow this is original you got my sub gunfacefuck,1,1
when   talking with my japanese teachers ,1,1
sub to me and reply with done and i will subscribe to u i   joking,1,1
i was disappointed with the level the comedy reached,0,1
why are the captions in korean,1,1
me trying to talk in the korean comments on instagram,1,1
i wanna hug your face so cute,2,1
like  meet celebrity subscribe  become a billionaire  scroll up down  death for you and everyone you love,1,1
when i talk to my crush,1,1
the sonic music is really the icing on the cake lmao,2,1
why people call themselves a certain nationality if they   even know the language,1,1
i beat up a kid like this in highschool i hate these dorky ass asians xd,0,0
your writing for these is really good  i laughed and laughed at this one,2,1
the sonic air timer was perfect,2,1
even your native korean speaker sounds like a foreigner xd,1,1
hey guys i just started up on youtube and really need subs if you sub to me i will sub back,1,1
im a great comedian that has gotten millions of views and thought about suicide i was thinking about drowning myself so many times if you all wanna save me please dm me on instagram comedianthefreshman they all say i might be better than kevin hart,1,1
this is me lol,1,1
hey i have a small youtube account and   struggling to take off   really appreciate if you could take a look if   not your type of thing then you   have to subscribe i understand but   worth a try,1,1
my life i hate being mexican and not speaking spanish and   also part black and i   know how to speak the language my grandmother speaks i   even know the name,1,1
dude   the first video i saw of you and   fucking hilarious,2,1
sorry i   speak spanish,1,1
me when speaking to my japanese exchange student she speaks very quickly i speak japanese moderately but uh damnit i   understand when she speaks so fast xd guess i need to learn to listen better,1,1
yeah but you can speak korean so this video is fucking stupid,0,1
when you have to pay all your bills,1,1
how is this trending omg if thats the case i should have way more views then i should,0,1
in this comment section people relating to themselves trying to speak spanish,0,1
  so me,0,1
why is this guy always trending,0,1
when my grandparents try to talk to me in japanese but i can only make out one word,2,1
me in french emersion class,1,1
wtf is this,0,1
omg same,1,1
kim yung bastard,1,0
i should rewatch monthly girls nozaki kun,1,1
me with my tyotinkas,1,1
relatable regardless of language,1,1
comment,1,1
nani,1,1
when i tell my chinese friends that   learning chinese they start speaking to me like   fluent   just like,1,1
yoo the sonic drowning theme,1,1
assdrug bag          fuck,0,1
i can relate,1,1
still gay ,1,0
you uglu small dicked mother fucker,0,0
wtf is thiswhy tf this trending,0,1
chapstik please use some,0,1
trending again,1,1
no 16 on trending impressive,2,1
gunfacefuck,1,1
this dudes videos r always funny,2,1
guns suicide offensive offensive offensive  demonetise,0,1
u still ugly tho,0,0
this got on trending and pewds response video didnt good jop guys,2,1
you are one ugly fat fuck the gene gods have not been good to you,0,1
this is like me with japanese,1,1
the hidden survival muscle in your body missed by modern physicians that keep millions of men and women  defeated by pain frustrated with belly fat and struggling to feel energized every day http  bitly 2f7khsa,1,1
i talked to french guy the other way    i said park into the cornour  he understood pakistani connard    my surgery went succesful,1,1
me every time i got to the korean market with my mom,2,1
i see a lot of anime behind you,2,1
i   get his humor must be for 15 and under,0,1
lmao his kprean accent is so cute,2,1
i love your jumper where did you get it from,1,1
does anybody know where the pink and blue cushion on the left is from,1,1
i was really hoping you were going to say that celeste was a very celestial name,2,1
i have a new daughter and we named her disney anna,2,1
i love the name lilibet and its the queens nickname,2,1
such a fun tag   definitely be giving this one a go as   29 weeks pregnant with my second,2,1
my daughters name is lacey,2,1
sorry but i do not like the name hunter as it reminded me of paranormal activity,0,1
i love the boys name grey,2,1
i love the name joy,2,1
my name was going to be bronte kitty edmonds haha,2,1
my middle name was given to me by my older sister after april   from the ninja turtles my sister was only 4 and could have chosen any unusual name from her favourite tv shows including moondreamers but she cleverly chose april,2,1
  kinda sad that she is not having a little daniel,1,1
my twin sister is called kitty,2,1
awww my sons name is hunter,2,1
omg i love chelsea and her family you should definitely watch outdaughtered its on tlc and   amazing,2,1
when will your next collab be with daniel howell xx,2,1
i love indigo for a little girl xx,2,1
my   name is celeste,2,1
ooh i love your taste in names   not planning on having kids at least not yet but my girl favourites are clara tegan and nova and my boy favourites are aiden logan and elliot,2,1
just had my baby a week ago and we named him beckett logan i wanted beckett fox but i lost that battle lol,2,1
i agree with the teen mom 2,1,1
how about the name elliana or eliana,1,1
i quite like matilda rosemary nadine or raymond viktor christopher,1,1
omg yes i used to love the moon dreamers and other than me and my sis have only known of one other person who had a clue what i was talking about when i bought it up what a magical showp my favourite was whimsy because she had the blue green hair,2,1
  okay sometimes even i   like the name mikala   michaela   mikaela   mikayla   however you wanna spell it,1,1
my favourite boys names are aiden finn jay and joe and my favourite girls names are eden evie evelynn and rose what do you think,1,1
the name will either be lucy or darla,2,1
aww i love that you like lucy when i was younger i used to dislike my name but   grown to enjoy it as   so short and it can only really be shortened to luc loose,2,1
my name is kitty,1,1
now know her name is lucy,1,1
omg baby holly and darcy sounds soo well togerher my name is summer not holly,2,1
  17 and can proudly say moon dreamers was one of my favourite shows,2,1
kitty is my daughters name ,1,1
i laughed way too much at violent violet,2,1
i know the moon dreamers,1,1
thumbnail looking like the filter on instagram,0,1
i love this i cant wait for the primark video if it doesnt happen im sure what ever other video you post will be amazing too,2,1
lacey dakota or delilah are nice names,1,1
my kitten is called luna,1,1
i l o v e the name april but i   know what ppl would think if i called a baby girl april and she   born in april,2,1
peggy as a middle name,1,1
i adore peggy and hunter me and my partner have decided on hunter if we ever have a boy and id love peggy but he doesnt like it,2,1
what about tara i think   a beautiful name even though it is mine haha,1,1
i reckon she is called daisy,1,1
my favourite name is for a boy and a girl ren is my favourite name least favourite names are those with excessive   just not my cup of tea,1,1
i new this would get on trending,1,1
soon as you said aubrey i thought of teen mom,1,1
that top is so lovely,2,1
my names violet and i can confirm people do call u violent violet,2,1
i like the name violetta and her nickname,1,1
peggy is also my   name well her nickname short for margaret,1,1
i loveeed the moondreamersd we still have a vhs with it on somewhere,2,1
love this tag   going to do it too even though i   been tagged so many names to think about,2,1
i got excited when you said daniel because dan howell  and 2 my great grandma was aunty pegg like yours,2,1
omg   so happy she tagged dina tokio,2,1
you   miss the food drink question,1,1
i love aubree   so cute,2,1
when my mum types my name it autocorrects to violent and i have gained the nickname playing netballso yeah,1,1
i love unusual names and called my 3 girls honey blossom and petal x,1,1
  14 and   already decided my kids names haha   thinking amelia and daniel,1,1
i was chanting zoe zoe zoe zoe when you were about to tag people,1,1
awwww my name is aubrie and if i have a son   always wanted his name to be hunter,1,1
the baby will be called lucy   lucie,1,1
i feel like   perhaps done the top us names by accident as   sure the names you said   been on the uk top 10 lists any recent years,0,1
my middle name is april i was born on the first of april and one of the midwives suggested it as a middle name to my parents my older siblings insisted on it and were so happy when my parents decided to go with it eventually my parents discovered the real reason they were so keen on the name was because they loved april   from teenage mutant ninja turtles,1,1
if   sticking with d names daisy is quite a good one,1,1
my middle daughters name is aubrie    due with a boy right after you feb  and his middle name will be daniel,1,1
if i had two girls i wold use the names zor and louis love them names so much,1,1
  called kitty,1,1
chelsea and aubrey are my favourite on teen mom as well  especially now with cole and the baby,1,1
that mustard colour tho ps absolutely loved this video whenever someone mentions babies names i instantly think of sims just me okayyyyy,2,1
but if you name a child miquela you could call it lil miquela shane dawson anyone,1,1
i think louise is going to call her baby lucy listen about all of the girls names and when she said top 3 girls names she left out lucy and in everything else lucy was one of the girls names,1,1
omg u tagged dina never see anyone mention her even though   amazing,2,1
hi louise this is completely irrelevant to the video but i just needed advice for my little sister she is 1 year older than darcy and is currently being bullied when i was at that school we had an amazing head teacher who took no nonsense with anyone being mean since then a new woman has become head teacher   get me wrong   lovely but always lets the kids sort it out for themselves have you experienced anything like this with darcy btw love the video,1,1
when you said   girl twins would be called lyla  lucy me and my sister literally looked at each other like omg her name is,1,1
love your jumper you look gorgeous,2,1
lose weight,0,0
die fatso,0,0
oooo my   lillibet,1,1
love you xoxo,2,1
i really really love your jumper,2,1
love love love love you,2,1
daniel,1,1
your jumper,2,1
omg i love dina,1,1
and peggy,1,1
omg teen mom,0,1
ayyy my middle names peggy,1,1
i loved moondreamers,1,1
aaaayyyyy my names laci,1,1
name the baby daisyyyyy,1,1
vagina,0,0
my names kitty,1,1
darcy and delilah sound adorable together,1,1
loved this lousie,2,1
the most awful name anyone could name their child is ava,0,1
  a man united fan but anyone who   see hazard has been the best player in the prem the last few seasons is mad,0,1
when christensen speaks better english than rooney,0,1
always thought david luiz would have the humour of a ten year old but   actually quite funny,1,1
  a man u fan and call me plastic but hazard is just so good man,0,1
luiz deserves better shooting tbh he scores bangers at times,1,1
the shot rating of defenders are actually a joke just because they are defenders it doesnt mean they cant shoot,1,1
how come rio looks tiny next to david luiz i thought they were supposed to be the same height,1,1
rio says one and only hazard yet he has like 10 brothers and luiz and christensen are the truly one and only,1,1
loved how rio and eden called out fifa for just taking the piss,2,1
what about   hair rating,1,1
  subscribing to anyone who likes this comment and subscribers to me just comment done‚úì so i can know,1,1
66 physical for hazard is joke the only way people can get him off the ball is by fouling him   not a tall or physically imposing player but he   get pushed off the ball easily,0,1
come on prem teams in champions league show them how you can play like in premiership come on,2,1
the is the thing that slows david luis is his afrokeep the afro david luis ,1,1
i love how close hazard and luiz are,0,1
i want more of this pls show me ronaldo i wana see his first when he hears he is not the number one rated player on fifa lol,1,1
  sure hazard already googled his,1,1
whats the music at ,1,1
ngl i love it when hazard says because   true man to david luiz aha,1,1
what did ea take  andreas christensen was in the top 20 fastest players in bl last season and you give him 64 pace  at least 75,1,1
pause the video at ,1,1
in the premier league there is no player better in individual ability and talent than eden hazard,1,1
one and only mate,1,1
surprised luiz didnt make all his stats 99 but christensen has a good rating with quite poor main stats,1,1
  in the gym everyday man lol this was gold,2,1
am i the only one who was waiting for to say you just got marked at the end,1,1
luiz has an amazing shot  especially on dead balls are fifa drunk,1,1
good funny video david luiz is really funny  edenshooting luiz where is this shooting i never seen this before cx,2,1
   know me   ,1,1
damn even luiz knew his pace should be higher lol,1,1
david luizhazard has some friends from eawh are you high,1,1
lmfaoo eden hazard   even care that   lazy when it comes to defending,1,1
luiz should have 70shooting at least,1,1
  been there i go training every friday,1,1
as a chelsea fan i just want to that chelsea looks like the best club to play for nice players and staff great team championeeee,1,1
you go gym everyday i died,0,1
christensen get some fat and he will become super defender with age 21,1,1
it would be so cool next too the du ballon   every year they do this every september live with all the players of the top clubs of europe  fifa stats rate your own card,1,1
i nvr knew rio has his own u tube channel subscribed ,2,1
rio please can i have the david luiz or hazard signed fifa card,1,1
i thought eden was 88 but was he 92,1,1
rio ferdinand has a youtube channel,1,1
is this really accurate,1,1
control bit image generation pepper lower european,1,1
this shows something ea always box players in based on position david luiz should have 70 shooting and christensen should have 75 passing,1,1
  only 66   strong  lol eden hazard,1,1
see even the footballers say the rating is wrong,0,1
ea   know how to rate players,0,1
only 66 physical for hazard fifa is bullshit,0,1
hahaha luiz is a good lad very good vibe about him,2,1
so happy we bought david luiz back he is the life of our team,2,1
i know yall see my guy   red bottoms,1,1
would die for that signed hazard card ,1,1
you should do a giveaway with those signed fut cards and also you should give them to me,1,1
is there any way you could do a competition to win any of those cards,1,1
  watch this ratings reveal with every team even huddlesfield   a lot of fun,2,1
y   u go to old trafford,1,1
even if ea   want to amp   physical cause   a forward it   be less than 60,0,1
that physical for christensen is a joke,0,1
missing you at gladbach andreas good luck in the future and at chelsea,2,1
first time i see a vid w hazard talking in stuff he seems like such a chill dude haha,2,1
the thing is how can the overall of david luiz be 86 when he   even have one stat above 84 fifa overalls make zero sense,0,1
i get not wanting to put a centre back with higher stats for balancing purposes but david luiz stats should have been much better and so should have cristensen i mean he played at dm for gladbach a few times and has good passing,1,1
david luis should have way better shooting,0,1
david   stats were bullshit and   a united fan,0,1
dont lie dont lie,0,1
nooooo 79 you do gym everyday lol,1,1
69 physical cb is trash,0,1
hazard overrated,0,1
hazard always seems so moody,0,1
wow christensen,1,1
bro couldnt do united,0,1
first song,1,1
  5 defending tho,1,1
eden is too jokes,0,1
edens banter is top notch,2,1
song name please,1,1
hazard 9 has hiv,1,1
gotta love david luiz,2,1
 song,1,1
christensen sounds like hes from london,1,1
 your hair lolllllll troll hzarad,1,1
hazard,1,1
your hair,1,1
   diee,1,1
hazard put 5 defense,1,1
class video,1,1
amdreas is humble,2,1
nogle dansker her,1,1
eden is funny as hell lmao,2,1
sturridge  injury prone 95,1,1
man like rio legend,1,1
why is pogba 87 he should be 82 man is shite,0,1
why is hazard the best rated playern in bpl dele kane sanchez were better statwise,1,1
joint highest actually with ddg ggmu,1,1
christensen must be sad that he was the worst,0,1
christensen played last season with thorgan hazard and this season with eden and kylian hazard,1,1
christensen played last season with thorgan hazard and this season with eden and kylian hazard,1,1
you forgot to char it on a frying pan you monster,0,1
  the vegan recipe of this i   eat corpses,0,1
anything i jangle is changjangling  thank you ysac for including my cooking methods in this video,1,1
ysac thank you for teaching people how to cook juice chicken breasts that blinding crimson rage at a person that cooks one so that i take a big ole bite and poof oh look at that i   know i was eating bug powder dust and cement mix there just   enough water to overcome the arid desiccated desert that is now the inside of my mouth oh the rage,0,1
  not sure if   trying your breast at this,0,1
i   know what to believe,0,1
  believe my video 10 kittens 1st day outside has over 2 million views now go check it out and hit that subscribe button  xoxo sarina,1,1
come at me sir,0,1
good love to video love love,2,1
not sure how this showed up on my recommended videos,0,1
i wash everything in bleach water while and after i handle poultry  i have never heard that poultry does not survive on black surfaces   listen to that,0,1
your voice sounds like bob from   burgers,0,1
found you by this videonever gonna lose you again,2,1
cook hot and fast not slow and stupid,1,1
we wanna see your face,1,1
idky but i just dont like when he says pepper pepper pepper,0,1
  some juicy chicken,2,1
another way to cook it is until   165 degrees non sense if the chicken then bled before it hath given way to diseases it will be free of bad blood this is just germ theory poppycock when it comes to evolution climate change and thoroughly cooking meat jury is still out ammirite,0,1
really glad to see you back with the ultimate deliciousness    know what happened but everything here is so addictive and   watched all your videos for many times never gets old just submitted the translation in chinese so that i can express support peace and love be with you,2,1
in drought ridden california can i use the chicken breast to water my lawn,1,1
subscribed after the first minute   trying this method for dinner tonight,2,1
i was curious to see where that ladybug was gonna go,0,1
i usually put some slasa on the chicken breast it taste great,2,1
hey do a face reveal,0,1
how long do you put it in for,1,1
  2017 only idiots eat meat fk outa here idiot,0,0
this is actually helpful thanks,2,1
  do this,0,1
how the fuck this is in my recommended videos,0,1
i cant stop watching the intro,2,1
can you use the chicken breast to put out fires i have a tendency to set things aflame,0,1
i tried this recipe and my dog caught fire now   in hospital with a rectal prolapse would not recommend 2 10,0,0
 whoa haha cute using a hose to make the chicken look juicy   whoa holy shit   he do that   oh he just drops the hose lol duh,0,1
doenst look good to me nothing worse than chicken that is to moist  and where are the roasted flavors this way,0,1
through it in the onion,0,1
omg i thought he is vegetarian,0,1
im a great comedian that has gotten millions of views and thought about suicide i was thinking about drowning myself so many times if you all wanna save me please dm me on instagram comedianthefreshman they all say i might be better than kevin hart,1,1
stumbled upon this in trending hilarious and a great simple way to cook a chicken breast nicely done,2,1
that moment when you forget   subscribed to a silly cooking channel,0,1
i take it the chicken is juicy,2,1
hey i have a small youtube account and   struggling to take off   really appreciate if you could take a look if   not your type of thing then you   have to subscribe i understand but   worth a try,1,1
where have you been my whole life,2,1
we lift up our hearts,2,1
i was waiting for you to squirt the bug with water,1,1
i   trust this channel    the songs sound like onision reject songs,0,1
why   this guy have 7 billion subs,2,1
you know   a good cook when   got dem ants ,0,1
juicy chicken breast take out chicken and see what you get,0,1
why does this guy remind me of binging with babish mixed with how to basic,1,1
notice how everytime he uploads it ends up on trending,1,1
yooo your harmonies are starting to get really good mixtape soon,2,1
this video is the only thing brings me joy today watching it at  am,2,1
i fucking panicked when i saw the water come out of the chicken and  i thought it was real,1,1
now this is content,2,1
i thought he was gana squirt the ladybug,0,0
you suuuuck at cooking oh my god xd,0,0
subscribed xd this is way too funny,2,1
is this my life now i can barely make a sandwich and now   learning how to chanejangle like the best of them at this point i hold my onion at such a high appreciation i think my body temperature is around three fungle degrees,0,1
this video reminds me of the time when my mom was in the hospital so my dad was cooking for us and he only had two meals he could cook meal number two was microwave chicken breast plus microwave minute rice you know what meal number one was oatmeal,1,1
this is actually so helpful   moving into my first apartment and this is a quick easy and cheap recipe thanks,2,1
 and also throw that in the onion lmao,0,1
subbed for great content,2,1
do white people seriously season chicken with just salt and pepper,0,1
what are you eating a chopped up animal weirdo what did you kill it for,0,1
that juice is really the salt water that gets injected into the dead bird   about to eat the bird was also fed arsenic and makes your cancer risk go up from what your risk would be just from the animal protein which all turns on igf 1 in your body causing all cancer cells to grow then   the heart disease risk as chicken has almost the same amount of cholesterol and saturated fat as beef,0,1
go vegan or live a shorter more depressing life,0,1
what the fuck is this subscribed,2,1
wtf did i just watch,0,1
lame reddit style shit vid,0,1
silly geese,0,1
sooooooooo  juicyyyyyyyyyy,2,1
you gotta rub the chicken yehea boi intensifies,1,1
is this alex g,1,1
 aids can,1,1
pepper pepper pepper,1,1
lol,2,1
you suck at cooking,0,0
congrats on trending,0,1
best youtube channel ever subed and liked,2,1
so juicy mmmmm,2,1
that intro,2,1
are you canadian,1,1
4 hundo,1,1
nice,2,1
retarded at best,0,0
aw yea motha frikka  trending,0,0
lol  not slow and stupid,0,0
wtf did i just watch rofl,0,0
they were all undercooked,0,1
stare into your ears lol,0,1
sooo juiicyyy,2,1
fucking subscribed,2,1
harmonia axyridis,1,1
 he signed it ysac so adorable,2,1
just when i thought you were at least a vegetarian,1,1
they must of done thousands of retakes and fake laughs,0,1
yall should make a full arrow movie vs avenger,2,1
the group pro league history like mi coment crack,1,1
how long does it take to do the videos please like so they can see this comment,1,1
do a first try edition plz,2,1
who agrees that they need to make hockey trick shots,1,1
if i could subscribe to dude perfect a million times i would,2,1
definitely skilled ,2,1
you guys should make dude perfect sceets,2,1
simple geometry,1,1
i can only imagine how many retakes they must have done to get this video so perfect you guys are amazing,2,1
all these     are losing credibility because of how poor these shots are,0,1
the only unique channel,2,1
can you do a video revealing the panda in the mask,1,1
nerf bows are all about a piece of plastic  elastic string normal bowstrings   stretch   the bow limbs that do the work,0,1
how many times did they do each trick shot,1,1
who else gets annoyed by how excited they get,0,1
arrow season 6 is looking pretty good,2,1
it   be dude perfect without obnoxious americans screaming every two fucking seconds,0,1
lol their reactions are so fake now,0,1
you should have 4 people hit the gong in a row from the roof,1,1
what a bunch of douchers,0,1
stop putting the twins in got to be the worst part of this skit it would be way better if they   in it like the old day,0,1
i think this is one of the most fastest growing channel on youtube quality content,2,1
what slow day at the frat,1,1
please make a monster jam trick shots,1,1
so what this video tells us is that   ve just discovered something else they can make easy,0,1
nah i think   gonna attempt it how else am i gonna get as good as dude perfect,2,1
rises more than a thousand suns 050,1,1
the clip with the red balloon reminded me of the movie it,1,1
  even better than hanzo,2,1
earlier you were making videos without any promotion now its about 1 2 weeks until another video comes online but with promotion,0,1
what do you call a boomerang which does not comes back  a stick,0,1
way to excited about all of it,0,1
this seemed fake compared to there others,0,1
sub to my channel,1,1
can you   mirror ,1,1
why do you have to scream everytime you blow something up are you guys autistic,0,0
i love your videos,2,1
what sort of piece of shit would downvote dudepurfect videos as if they could do better themselfs,2,1
o ma gad  it the hawkeyes,1,1
i think after a long time ty has not done the starting trick shot,1,1
i just got hit by the same hurricane as you,1,1
to be a dude perfect member it is so awesome ,2,1
you realize how long it must take to film these vids  lol,1,1
guys ur like gods i want to join,2,1
can you shoot a video with some indian things for the people in india,1,1
i can only imagine how many times they had to film that pool table trick shot,1,1
dude perfect should do a collab with the slo mo guys,2,1
wonder how much they celebrate when one of them takes a dump and   leave any skid marks,0,1
heya guys you can try either of the following  1   highest strike from 25km high2 longest bottle busta ft bow  arrow from 1m long  or 3 highest basketball pringles laser shot from 125 stories high reply with with what to film guys,1,1
so easy   never ever waste food time to cook sub us if you want to learn from chefs,1,1
love ur nickaloadian show nice job u guys are my heros,2,1
omg how are they so good like bro i acnr even shot a nerf bow,2,1
that   dance,2,1
do these guys have a whole warehouse just for trick shots,1,1
dress the panda up as pandalf,1,1
the cody trust stort is excellent,2,1
is this all are fake,0,1
awesome i wonder how many takes   how much practice was needed to prepare,1,1
this is the 911 trick shot 420 live nigger lynching,1,1
join roman attwood race like so they see,1,1
lets just say their engineers,2,1
i subscribed lol,2,1
yes panda,2,1
you are amazing ,2,1
call cory curry,1,1
how many trys ,1,1
cory finally   bottle busted,1,1
ryu ga waga teki wou kurou,1,1
thas is so cool videos,1,1
i like the swinging swisher shot,2,1
please,1,1
awesome,2,1
do not attempt,1,1
they deserve more subs,2,1
view bots,1,1
pleasee a new marksman edition,1,1
f of,0,1
hi,1,1
whos in the panda costume,1,1
super,2,1
fucking crying,2,1
cool,2,1
soo cool,2,1
nice video,2,1
dantdm is comeing,1,1
they are hackers,1,1
very nice,2,1
yu,1,1
they surpassed pewdiepie,2,1
hi if your reading this i just want you to have a good day i have a small channel with very few subscribers but   really appreciate it if you gave my videos a chance sorry to bother you,1,1
hi lovely my name is maryam i did your nails in brighton you are such nice person in real life as well x,2,1
mike was so adorable talking about the story time with the puppets,2,1
i always like how mike says goodbye at the end of the vlogs  also i miss the cooking videos you used to do together for the sainsburys channel,2,1
okay but did mike and mark get on haha,1,1
idk if   running problem is what i think lol but cyclists use a cream called chamois cream maybe that would help why am i typing this on the internet lol,1,1
fleur and mike forever talking over each otherd,1,1
you look adorable in those maternity dungerees,2,1
has mike considered compression leggings or shorts they really keep things packed in so no chafing and they help support your muscles and their recovery i have some from 2xu which i really enjoy   quite popular in norway,1,1
  great to see you guys so happy loving the pregnancy dungarees you guys are total goals hope you have a lovely week xx,2,1
love the vlog  thanks fleur,2,1
18 miles way yo go,1,1
loooove your vibe and your vlogs,2,1
mike just wears a black shirt and black pants like a regular guy simple no need any introduction,1,1
we stayed at the artist residence my blog post went live today and my vlog went live a few weeks ago from it you should check it out we also went to red roaster for brunch,1,1
omg aaah everytime he wants to say something you keep speeking aaahahah love your videos xx,2,1
your tummy   in love xxxxx,2,1
loved the vlog can i ask fleur are the dungarees maternity or the regular range any advice on sizing thanks in advance xxx,1,1
fleur   be so self conscious you look beautiful the dungarees look is so cute on you,2,1
aw mike go back and get they toys for the baby so cute xxx,2,1
i think the old taylor is alive too fleur   amazing i am looking up to you,2,1
i absolutely love these vlogs almost typed dogs instead of vlogs because   also adorable ,2,1
yikes mike i hurt just watching you walkpainguy be careful,1,1
ooooh   believe i   see you you were right by my flat,1,1
i got way too invested in you guys trying to get the unicorn pug the disappointment i felt when you   get one was real hahahaha,1,1
fleur have you heard of a dad shirt   made by lalabu,1,1
  had a claw machine pick up the toy and then release it before going back to the hole they are rigged it   slip out it opened up and dropped it,1,1
a lot of youtubers   vlog anymore if it   an ad thank you fleur for not beeing one of them,2,1
you guys are awesome hope your enjoying your week,2,1
fun vlog  i am glad you and mike stand up to each other  hahaaaa,2,1
pregnant little fleur is so adorable   the cutest pregnant person,2,1
nike pro undershorts will solve the problem my husband runs 22 miles plus often and swears by them xx,1,1
fyiif mike is having aches and pains from running swimming is supposed to be great for those muscles but also for joints and your spine,1,1
bill gates must drink himself a cup of quarters before going to bed you guys reminded me of the claw from toy story did you get a toy in the end the baby will be crazy about it no   infect the baby with all that taylor swift shit let it listen to whiplash by metallica since mike is such a fan i know that it has two f words in it but still lol   sorry if that was insensitive anyway congrats you guys happy for both you btw fleur   already a mother of three as far as   concerned   done good job taking care of the poopies and piggy wiggy so   already halfway there,1,1
why are the dogs on a ball ban  lol,1,1
yay a vlog  sending you love,2,1
those games are always rigged lol,1,1
fleur you are glowing gorgeous,2,1
  come into photomatic,1,1
favourite vlog ever,2,1
yay love your vlogs xx,2,1
my miniature dachshund chester would love piglet soooo much,1,1
cutest couple ever,2,1
ur my favorite team godeforcefam,2,1
you guys are adorable,2,1
ahhh love your vlogs   subscribed now keep up the great videos,2,1
i think overalls and long dresses look so good on pregnant woman you need the tshirt that says   eat watermelon seeds,2,1
you are glowing,2,1
you look lovely fleur and rocking those dungarees,2,1
fleur looks effin gorgeous,2,1
that pugicorn thing was so cute,2,1
do more vlogs i love them,2,1
paused this vlog at  to say that i love the dungarees on you also so happy to see a new vlog,2,1
your bump is so cute you look adorable in the dungarees love them,2,1
thank goodness for recommended video because for some reason i got unsubscribed,2,1
love the mum garees even cuter with a bigger bump i wear similar not pregnant as they are ideal when chasing two children,2,1
fleur you look so happy and mike was so cute when he found the finger puppets in the shop,2,1
hey fleur are you coming to berlin too when mike is here for the marathon,1,1
i love seeing the bloggers together great vlog as always x,2,1
where is your grey leather jacket fein,2,1
hi fleur hope you guys had a great weekend your baby bump looks super cute in those dungareeshope mike found his pants haha,2,1
you really should switch over to buying baby clothes in bigger sizes trust me they only wear them for such a short time and you have a full wardrobe for the baby in the first few months already,1,1
fleur did you end up getting the pug,1,1
you looked cute in the dungarees  aww i want one of those pugs dressed like a unicorn and piglet is so adorable when she rubs her face with her paws,2,1
you and your dumb are so gorgeous mike is pretty handsome too xx,2,1
what nail polish are you wearing i love that shade,2,1
yay for vlogs so wonderful to see you again,2,1
fleur you could rock a paper bag you are beautiful no matter what missed seeing you both but i know you are so busy always look forward to your vlogs,2,1
come on look at her and   faces the baby would look like an angel,2,1
oh fleur you always make me laugh thursday ha ha,2,1
i missed ur vlogs so happy to see ur blog today the baby bump is so darn cute i have two kids and i miss feeling the baby in the belly my boys r 8 and 14,2,1
you look the cutest in your dungarees and metallic shoes,2,1
mike should check bike shops for his rounderwear his issue is a biking issue as well so they may have something,1,1
tell mike to buy bamboo underwear amazon that is what my husband uses and he loves them,1,1
mike needs to get a pair of triathlon shorts  for that problem,1,1
omg i love the new taylor swift song especially that chorus,2,1
aww mike when   doing story time,2,1
you have git the preggo walk going on haha so cute,2,1
i love that your daughter will be able to watch these videos of you and her dad ,2,1
love that you were in brighton and recognised everywhere you walked from my first visit in june   wait to go back love it,2,1
always wanted to go to brighton such a cute town btw you totally rocked the overalls your baby bump is starting to showd,2,1
love the little hand puppets for story telling mike   going to make such a good daddy love your videos fleur and thanks for showing us your bump ,2,1
so nice to have an update you guys are so cute,2,1
omg the   claw lolol was laughing so hard with that so addicting you guys are adorable,2,1
hahaha i absolutely loved this vlog you guys made me laugh so hard,2,1
you 2 i mean 3 are adorable xoxo from eagle rock ca,2,1
please do more pregnancy updates so sad that you stopped,2,1
you two plus anna and mark are the cutest,2,1
no need t worry fleur the dungarees look great and you can pair them with so many things for example try them with a good quality fitted stretchy pregnancy top underneath to really emphazise the bump and pair it with some smart edgy looking pointed toe loafers,2,1
you are glowing  pregnancy suits you fleur love the outfit and new shoes,2,1
my favourite vlog ever you guys are awesome i had so much fun watching this thanks so much for sharingxo,2,1
you guys are the cutest couple ever  goals,2,1
never been this early lucky to be working night duty so i can see your vlog on my break yay already liked it even before watching it love your vlogs fleur so excited for babydeforce much love from australia,2,1
fleur i love to see your vlogs,2,1
  trying to get pregnant just started  you are 100 my style icon,2,1
you seem so happy in the video what a fun weekend,2,1
you look great pregnancy wears well on you,2,1
you guys always put a smile on my face i hope mike got his special pants to protect the jewels deforce lol ,2,1
brighton looks lovely i will definitely add them to our must see list what is the name of the last restaurant you were at i think i missed it piggles looks completely ok with the wood floors now glad you had a good trip hugs summer xo,2,1
loved the vlog as usual if   problem is chafing then the nike pro shorts are really good and also an anti chafing roll on called body glide my husband runs a lot and started experiencing this problem but the above solutions fixed it,2,1
i   really like the song,0,1
alright   take the stairs,1,1
a fable on a realistic ground  is a cry of protest aimed at the worshippers of science and logic,1,1
hope you will exist for many years,2,1
would this song exist if he lived on the first floor,1,1
masterful video   glad bands sorta feel like they have the proper outlet for making interesting videos again it   make any sense there for a while but thanks to the internet   become quite viable and logical again you can go pretty out there because the only judge is the audience not some label executive,2,1
for years   always disliked   music   always thought it was depressing droning never understood what people see in it but think i get it now it really makes you think about shit absolute geniuses fair play,2,1
oh my god at last old radiohead i can feel it no weird sound electric guitar distortion violin,2,1
i love this song with all my heart it reminds me of my younger days,2,1
the end of that video,2,1
there is the guy from the paranoid android video drinking the fish bowl water did someone else notice that,2,1
this sounds very bends esque super excited if the rest of the album sounds like this as while i love all of radioheads stuff i really enjoyed the bends and i never thought theyd make anything like it again,2,1
radiohead music never changesthe same old taste i love it,2,1
  noticed a lot of the unreleased tracks are very mogwai x red house painters  esque still love it tho but i can see why they   the album,2,1
i am so sick of radiohead making my head feel like a radio like all the stations playing at once brilliant bastards,2,1
plant tree of life vs plastic bags,1,1
i like when the guy from paranoid android appears,2,1
notice these are all characters from their last videos,2,1
fun fact inside   bags are reasons not to go to brazil,1,1
me thinks thom  co watched marc   documentary lift and mixed it with feelings over the grenfell tower fire in west londonsometimes such pain inspires beautiful art like this,2,1
this is so fucking amazing there are many references to other   music videos,2,1
damn never knew being stuck in a lift can be such an inspiration,2,1
oh wait its not remake of home alone right,1,1
this clip looks like im back in 90s,1,1
radio head has some pretty brilliant music videos and there music is so inspirational,2,1
still the same amazing stuff as always,2,1
such a good video that i   hear half the song,2,1
i swore the way this video looks i thought i was in the 90s feelsgoodman,2,1
so good to see thom again in music videos,2,1
this is the best elevator music   listened to,2,1
we are lucky to have thom,2,1
type of band that   turn into shit with  ,2,1
how to get 800 likes,1,1
we are all hungry for good old radiohead melodies start writing beautiful songs again,2,1
same low energy moaning overrated pretentious crap as usual sung by a guy who barely escaped down syndrome,2,1
kinda looks like he descending from 18 level of hell to experience death reborn life in this shit hole,2,1
a funny radiohead video   out of order,2,1
wow the end is wtf,2,1
 omfg is the guy from paranoid android music video,1,1
what the fuck finally radiohead released a good song,2,1
is there a making of somewhere ,1,1
this reminds me of feeling like as a child you never really fit in or were understood a feeling of being left out in the cold but then you realize that who you are was really calling for you to get back to your authentic self a coming home of some sort you see your self fully and realize that you were never really lost   come home to yourself you are now the observer,1,1
idk   the meaning but it gives me anxiety i fucking hate lifts,0,0
wow loved it theres some references some previuos videos like robin the guy with the purple beanie and the fishbowl from paranoid android pretty radioheadish kind of video awesome,2,1
who in their right mind downvotes radiohead oo,2,1
this song is gay as hell ur time is up radiohead stop making pussy music and move along,0,0
fun fact no cell phones were used in this video,1,1
this reminds me of pablo honey and itch,1,1
  style at the moment is so cool the damn 48 year old is looking better than me,2,1
i never thought   say that but this is the best band of all time,2,1
guys like its not even my birthday,2,1
 paranoid androidfuck i love this band,2,1
i love tom yorke  may i have your opinion about my voice   trying to improve myself,2,1
why  though,1,1
portal 2 reference at ,1,1
thank you all,2,1
they still productive,2,1
wait what,1,1
howdy,1,1
what a twist,2,1
cuz   a creeeeeeeeeeep  p,1,1
typical lift in russia,1,1
wooow ,2,1
overrated band for sure,0,1
i suddenly wanna cry big ass ugly sobs,0,0
geniaal,2,1
coool,2,1
did anyone else catch paranoid android  ,1,1
honduras,1,1
super great video okay song,2,1
blooper top view elevator looks alot smaller,1,1
 thom the bastardd,0,0
my soul hurts,2,1
reminiscing,1,1
nice video,1,1
awesome,2,1
yes,1,1
 paranoid android33 excellent video,1,1
yiayfetish nice firm wenuses,2,1
yiayfetish large foreheads,1,1
my fetish is fetish shaming,1,1
your forehead,1,1
crippling depression yiayfetish,0,1
yiayfetish you john,1,1
selena   love,2,1
dongles yiayfetish,1,1
yiayfetish sleeping,0,1
yiayfetish ur mom,0,0
getting mid roll ads yiayfetish,1,1
my fettish is misspellign worsd yaiyfetish,2,1
yiayfetish my fetish is dabbing on the haters,2,1
my fetish is 1080p videos yiayfetish,1,1
interracial boxing shams yiayfetish,0,1
my fetish is a fetish  yiayfetish,1,1
french maids because im boring yiayfetish,1,1
jacksfilms yiayfetish,2,1
yiayfetish lightswitch,2,1
yiayfetish meme big boy,2,1
holding hands,2,1
shrek asmr yiayfetish,1,1
whats a fetish,1,1
mine is kink shaming yiayfetish,1,1
yiayfetish has anyone said has anyone said foreheads yet,2,1
your love yiayfetish,2,1
dongles yiayfetish,1,1
get rid of yaaaaas yiayfetish,1,1
yiayfetish you,1,1
foreheads yiayfestish,1,1
watching your videos yiayfetish,2,1
animated poop emojis yiayemoji,1,1
yiayfetish online dating on roblox,1,1
fuck your jack,0,0
my fetish is saying hi,2,1
emojis,1,1
yiayfetish yaoi anal rick and morty porn  i also like minion deepthroat,0,0
1000 dollar emoji machine fanfiction yiayfetish,1,1
yiayfetish poop emoji,0,1
yiayfetish big foreheads,1,1
yiayfetish watching you,1,1
i dunno google it,1,1
nothing            dad,1,1
yiayfetish thick eyebrows,0,1
yiayfetish unorigional comments            especially the misspelled ones ,0,1
yiayfetish        ,1,1
light switches yiayfetish,1,1
my fetish is watching cnn yiayfetish,1,1
im 7 i dont now what fedish mean yolo yiay,1,1
yiayfetish   on them haters,2,1
not getting featured on yiay  yiayfetish,1,1
yiayfetish mars bars in ear phones,1,1
oversized foreheads yiayfetish,1,1
stroking my pet hamster yiayfetish,1,1
deez nuts yiayfetish,1,1
the emoji machine,1,1
the pause button  yiayfetish,1,1
yiayfetish  crocs with socks,1,1
hentais no good if they are over 12 am i right,1,1
my fetish is looking at your dogs ass yaiyfetish,1,1
defecating all over my new waifu pillow i know she loves it yiayfetish,1,1
to be in the next yiay video yiayfetish,2,1
yiayfetish the idea that death is coming for us all and   no way to escape it,1,1
yiayfetish my fetish is castration cause   waiting till marriage,1,1
yiayfetish when he tips the fedora back,1,1
1000 starting price they got you on that one 999 bichessssss,1,1
making millions of bot accounts for your videos yiayfetish,0,1
those comments that are actually really smart and funny answers but would never get featured,1,1
yiayfetish when jack throws something in the traaaaaaaash,2,1
not spending my money on apple stuff yiayfetish,0,1
how exactly does one get pussy while living at the white house as a teenage boy the secret service always cock blocking you when   trying to run game on some foreign prime ministers daughter the news media catches you smiling at her and immediately blows shit out if proportion speculating that you are somehow breaking international law with your awkward teenage flirting so you have to testify before congress that you   give away any top secret documents to her and are made to admit live on c span that   never even kissed a girl  then you get blue balls from some hot conservative girl winking at you and flashing her panties under her skirt and making sexy faces and blow job motions to you while you were going through some airport or public event and when you passed by and shook her hand she leans in whispering she is going to diddle her clit thinking about you tonight and how much she wants to suck your dick off just to fuck with you then you try to look up some porn when you get home just to relieve the tension but you just know the cia is monitoring and 3 other govornment agencies are watching you beat off then you finally break down and jack off in the shower which sets off some fucking biohazard drain alarm and the entire place is on lock down until they can find the source of the specimen and you end up getting debriefed by the joint chiefs of staff about your masturbatory habits and how you almost created a national security issue with your dick then wikileaks leaks your search history showing you looked up penis enlargement techniques when it was actually just some click bait   accidentally clicked and tyt spends all next week talking about your supposed micro penis so you end up squirming a little since you are so wound up and being judged constantly and now people are saying you look like a fucking mental patient and you start to think   never get any pussy yiayfetish,0,0
spending 1000 on a shiny new brickyiayfetish,0,1
yiayfetish my fetish is you know  a girl running away from a bear then her little cousin is cooking cereal in fire but the lizard is licking the chock olive tree,1,1
the brand new ar emojis   like they love me yiayfetish,1,1
yiayfetish watching my grades and mental health deteriorate at an alarming rate very arousing 10 10,1,1
yiayfetish my fetish is looking your forehead while eating pudding,1,1
krap spelt yiay not in captials krap o did it again deal with it,1,1
jack your uploading scedule is as real as a air guitar,1,1
yiayfetish that i will kill u,1,1
when you turn me on with a light switch,1,1
yiayfetish my comment showing up on a jacksfilms video ooooh yeah   hot,1,1
my fetish ehm well my dad told me i   say that word oh wait i   have dad yiayfetish,1,1
yiayfetish knowing   never get featured with my light switch jokes oh wait  that ended 2 years ago or did it   yes yes it did,1,1
the sweet release of death yiayfetish,1,1
yiayfetish a dog watching while i take a shit,1,1
yiayfetish the sweet release of death,1,1
kiddie incest with genital mutilation torture and cannibalism i like it kinky yiayfetish,0,0
your mom yiayfetish,0,1
i like to lick mustard  yiayfetish,1,1
yiayfetish dabbing in the haters,1,1
giant foreheads yiayfetish,1,1
i have a fetish fetish i enjoy it when people have fetishes yiayfetish,1,1
i get off to watching pathetic youtubers long time fan of your channel,0,1
yiayfetish all candles lit  lights down low  illumination glowing softly good food on display  heated blankets  tv shows uncensored hentai    mother  with red wine in hand  i feel relaxed  the soft press of the sofa  cushioning my back heaven,1,0
click off before you tell me about   sponsors yaiyfetish,1,1
yiayfetish what turns me on is the wrong yiay  alexander weird fetish,1,1
yiayfetish my fetish is eating shriek twinkies,1,1
normani and dinah they are so close together,1,1
nomani kordei is thick like no tomorrow,1,1
  ass is glorious in this vid,1,1
 zont lauren zont do that to me zont its making me fall for lauren help   and lauren only belongs to camila for me ,1,1
i already knew that lauren would take a sip of that martini,1,1
why so young girls are so fatthey are twenties,0,1
lauren is that bitch i love herrrrrr,0,0
when ally went to hug james early at  he end,1,1
at 607 did ally just get rejected for a hug by james,1,1
  actually been using charcoal powder for a couple of months now and noticed a huge improvement with the whitening and general hygiene of my teeth   a post from facebook from the company that i buy from do you want beautiful sparkling teeth naturally  limited time only offer,1,1
this  is  so  fucking  cute  and  funny,2,1
can we have karaoke now please,1,1
 ally wanted to hug him but he moved xd,1,1
omg   laugh she is so   perfect  i love her i love all my girls,2,1
 ally going in for a hug and getting swerved omg i love her,2,1
those   real humans this does not compute,1,1
i love lauren omg her laugh is so fucking cute,2,1
normani is literally my spirit animal bc she took the cookie from dinah and ate it,1,1
honestly the only on who was funny was the first one the rest was not really fun,0,1
how did lauren manage to do that,1,1
looking for tydollarsign in the room,1,1
i can only look at normani wow wife,2,1
hi guys i uploaded a few minutes ago a video about lauren and normani you should check it you gonna love it,1,1
why did they dress like that,1,1
dinah eating a cookie saying tighten your abs and ass   so me,1,1
 i see u laur  i knew it,1,1
how come   all become so fat asses,0,1
why do they wear clothes dat r made for sluts  ,0,0
 dinah is such a cutie i  ,1,1
  disappointment when she   get booze is priceless,1,1
normani at  i   do it i   do it is hilarious plus dinah gets jumped on and her cookie taken by mani omg,1,1
where are their clothes,1,1
sometimes the more   covered the better you look camilla is much better ps   just saying,1,1
we want grant gustin on your show pleaseeee,1,1
lel the description says fifth harmon it should be fifth harmony,1,1
have then back soon preferably for carpool karaoke w you,1,1
the asian will hav slim figure and superb legs while in murica here they areeeeeeeee,2,1
lauren i love you so fucking much,2,1
i   see a star,2,1
    how i look when i wink at my crush,1,1
when you low key only just realised dina   21 also they all look amazing,2,1
anyone noticed normany and dinah eating the biscuit lol,1,1
 poor ally he ignored her hug,1,1
lauren marry me,2,1
their outfits are so bad omg,0,1
lauren is ma galll,2,1
beeing chubby is trendy now  ok,0,1
damn sexy ladies xd,2,1
normani is gorgeous,2,1
thick harmony,1,1
little mix please,1,1
thick thighs saves lives,1,1
lauren oh my love,2,1
did she stone those tights,1,1
they are sooo cute,2,1
btec little mix,1,1
next carpool karaoke with fifth harmony,1,1
ally looooool body looooool,1,1
i read flinch harmony,1,1
 look at ally lol poor smol human,1,1
dinah look so fat,0,1
ally at  is me wenever 5h drop something shes so cute n smoll,1,1
my mommas,1,1
they look so beautiful,2,1
dinah is so cute,2,1
its so funny,2,1
fifth camel toe,1,1
lauren is literally clickbait,0,1
  fifth harmony carpool jimmy ,1,1
awwww dinah   drunk,1,1
lauren looking so beautiful,2,1
we have 4 not five lmbo,1,1
please do little mix carpool karaoke,1,1
these some confident ass girls,1,1
  laugh,1,1
what are they wearing omg,1,1
lauren,1,1
lauren is perfect omg,2,1
ally,1,1
i   believe james lost a chance to touch   boobs,1,1
why is lauren jauregui so damn sexy can someone please explain,2,1
normani had me laughing cause girl was so damn scared when ally flinched after the loud noise i wanted to hug her so bad dang i always forget that   not 21 yet    and i totally expected lauren to nail this,1,1
all wear thigh highs and not tell dinah,1,1
carpool karaoke with fifth harmony idgaf i want it who want it too,1,1
why is no one talking about ally she looks so gorgeous they all do,2,1
awh my baby dinah   so precious,2,1
i knew lauren   flinch cos   a badass ally on the other hand,1,1
my babies are so beautiful,2,1
i   in love with what   wearing   amazing,2,1
i believe sexuality is a spectrum because   at least 20 lesbian when i see normani,2,1
modern day tv shows really do struggle to come up with ideas huh,1,1
i fell so in love with dinah i cant help,2,1
the guys behind the the 4 girls   taken pictures secretly,1,1
omg ally wanted to give james a hug but played it off like a queen loool ,1,1
ally,1,1
who are these fat whores ,0,0
wow big girls,0,0
we can fortunately say that we lived in the era of harry fuckin styles and i will forever be in awe of him so proud‚ù§ô∏è,2,1
yes it is trending so proud of him,2,1
how can i tattoo this on my body,2,1
one of the best rock stars in years,2,1
wtf this is trending lol go harry woo,2,1
did yall bitches see that smile at the end that bitch was proud and so am i,2,1
oh wow  i   realise harry did the f1 song    amazing  all this time and i never knew,2,1
i really want him and florence welch to cover this together cover anything together really,2,1
how can i get this music on my phone so that i can listen offline aswell,2,1
i love this song and i love harry is like a dream come true,2,1
this kid has a great future ahead i hope he can handle the pressure and stay away from alcohol and drugs,1,1
in the end we can see harry proud of his incredible band,2,1
i wanna hear him cover dreams now ,1,1
almost forgot to watch this today wheew that was a close one,2,1
to be fair this is fecking great as it goes,2,1
harry styles is the truth  ps liam hemsworth on bass  p,2,1
is there anything he   sing harry is seriously talented i love him so much,2,1
seriously all the people steve bashing harry are just mad because they know we have been right for the past 7 years and that the boys of 1d are actually talented,2,1
he   play guitar in this,1,1
  so proud of him,2,1
guardians of the galaxy,1,1
i heard this live and it was the most amazing thing i have ever witnessed harry and his band perform this so well,2,1
he is no lindsey buckingham but it was good,2,1
dunkirk  fleetwood mac  winning everyone over with this shit fair play to him,1,1
am i only one who thinks that the girl at   looks like mantis from guardians of the galaxy,1,1
please play this cover on the tour,1,1
  just so in awe of his vocal range and ability,2,1
ur look is so intensei get lost everytime i look at uon top of that ur voice is so annoyingly perfect,2,1
  such a great singer,2,1
i have no idea he could sing great cover,2,1
half of you retards   even heard thus song outside of gaurdians of the galaxy 2,0,0
never would have listened if i knew he was from one direction but in saying that a pretty decent version of a classic,2,1
i honestly really   like any of 1ds music but i like them solo i think it might be bc of the songs 1d was just so,0,1
his vocals for this cover here is a lot better than that in his other performances for live lounge which for me being a fan of   is kinda disappointing,0,1
i love this so much,2,1
listen to the wind blow  watch the sun rise  run in the shadows  damn your love  damn your lies    2x  and if you   love me now  you will never love me again  i can still hear you saying  you would never break the chain    listen to the wind blow  down comes the night  run in the shadows  damn your love  damn your lies    break the silence  damn the dark  damn the light    3x  and if you   love me now  you will never love me again  i can still hear you saying  you would never break the chain    5x  chain keep us together  running in the shadows      thank me later,1,1
not an easy classic to cover you and your band have great talent,2,1
am i in heaven,2,1
i really really really love this cover hope harry will sing this during his tour bc i need to hear this live all the love hazza   doing soooo well,2,1
this is beautiful those vocals,2,1
this song is my childhood crazy good,2,1
damn if he ditches bubblegum pop for easy listening rock   all for it,2,1
he should do a cover of are you gonna be my girl by jet,1,1
  love to hear harry write likean entire album of songs where each one represents the popular music of different decades,2,1
  so beautiful,2,1
nothing but respect for my president,2,1
to everyone who is new here he actually performed with stevie nicks and mick loves him search landslide on youtube and you will find it he fucking cried and i am such a fan now,1,1
this cover is perfect ,2,1
this needs to be on spotify,2,1
harry is so pretty,2,1
harry heading down a good fuckinf path,2,1
if song stupid or sounding bad   not so bad   we have harry and he can do from bad to good song great cover i love that,2,1
the drummer is killing it,2,1
  in love with this,2,1
harry could sing whatever tf he wants   literally slaying every performance,2,1
perfection,2,1
holy fuvk,1,1
sweet baby jesus,2,1
damn,2,1
he is amazing,1,1
  gru lol,2,1
boi if you dont,1,1
wow,2,1
this is awesome,2,1
that solo at,2,1
superb,2,1
incredible venezuela,2,1
amazing,2,1
proudddd dear,1,1
shittiest guitar,0,0
slay harreh,1,1
my maaaaaaaan ,1,1
give that dude a capo,1,1
  expecting that,1,1
release wild thoughts,1,1
in love,2,1
harry styles everybody,2,1
brilliant vocal brilliant cover wow,2,1
  pooping my pants,1,1
ohhh my love harryyy,2,1
legendharry,2,1
this is amazing,1,1
ohygodharry,2,1
  doing great honey,0,1
how the fuck can he be called a legend freddie mercury mick jagger john lennon all earned the title he needs to do a hell of a lot to follow true legends  he needs to work for it those guys went out in all weathers gigging living in freezing conditions on a tour bus   never done that they had to work hard for their fame not just appear in a few tv shows   not a legend not by a long chalk,0,1
enthusiastic clapping does not make a good cover wank,0,1
  actually better than his band and   awful,0,1
psh they advertise it as him playing the guitar psh yeah right,0,1
not in fleetwood macs league fool,0,1
another classic murdered,0,1
cody frost did it better,0,1
everyone rocked except that guitar player,0,1
this is terrible the way he sings it makes him look like the least talented out of all of them and its not as though anyone playing an instrument would have to try particularly hard playing it maybe just ruined this song for me,0,1
i want harry and stevie to be friends i feel like   be good buddies,2,1
i   stand this guy but damn that was impressive,2,1
